frame,n,freq_books,rank,variants,type_token_ratio,top_fillers,auto_keep,keep,notes
de la *,3,87811433,1,168,0.000002,vie | ville | société | maison | même | loi | République | famille,no,,
de l' *,3,53788578,2,101,0.000002,autre | homme | État | eau | histoire | entreprise | article | enfant,no,,
la * de,3,44190267,3,93,0.000002,fin | mort | question | porte | notion | vie | salle | tête,no,,
le * de,3,38600778,4,85,0.000002,temps | nom | droit | cadre | point | nombre | long | cas,no,,
l' * de,3,31267778,5,68,0.000002,idée | histoire | un | absence | occasion | intérieur | ensemble | objet,no,,
à l' *,3,29934760,6,52,0.000002,intérieur | autre | heure | époque | égard | aide | origine | école,no,,
ne * pas,3,26297257,7,37,0.000001,sont | sais | suis | peut | peux | veux | faut | pouvait,no,,
à la *,3,24846150,8,42,0.000002,fois | fin | maison | main | suite | porte | recherche | vie,no,,
au * de,3,20347228,9,33,0.000002,cours | lieu | sein | milieu | bout | moment | fond | nom,no,,
d ' *,3,19225230,10,14,0.000001,un | une | autres | être | abord | avoir | ailleurs | autre,no,,
l ' *,3,18999795,11,47,0.000002,on | autre | homme | un | histoire | eau | air | article,no,,
en * de,3,17350119,12,27,0.000002,train | cas | matière | raison | fonction | dehors | face | fin,no,,
je ne *,3,17300425,13,21,0.000001,sais | suis | peux | veux | me | l' | pouvais | le,no,,
dans le *,3,16994934,14,32,0.000002,cadre | monde | cas | même | domaine | temps | sens | couloir,no,,
et de *,3,16704277,15,14,0.000001,la | l' | ses | son | sa | l | leur | leurs,no,,
il y *,3,15549938,16,6,0,a | avait | en | eut | aura | aurait,no,,
ce que *,3,14689716,17,10,0.000001,je | tu | vous | nous | l' | le | les | la,no,,
dans la *,3,14590134,18,28,0.000002,mesure | salle | vie | chambre | rue | maison | pièce | région,no,,
d' un *,3,13494003,19,29,0.000002,air | ton | coup | autre | homme | côté | geste | pas,no,,
que je *,3,12894134,20,19,0.000001,ne | suis | me | vous | vais | lui | l' | te,no,,
ce qui *,3,12125123,21,15,0.000001,est | se | concerne | lui | ne | a | était | me,no,,
et * la,3,11177651,22,7,0.000001,de | à | que | dans | sur | par | dont,no,,
il * a,3,11086848,23,4,0,y | l' | nous | en,no,,
d' une *,3,10966220,24,20,0.000002,voix | part | manière | autre | certaine | grande | façon | femme,no,,
à * de,3,10519107,25,13,0.000001,partir | cause | côté | propos | celle | celui | force | base,no,,
sur le *,3,10424084,26,23,0.000002,plan | sol | point | site | terrain | marché | dos | côté,no,,
un * de,3,9851159,27,22,0.000002,peu | coup | point | groupe | ensemble | signe | système | moyen,no,,
je ne * pas,4,9220172,28,16,0.000002,sais | suis | peux | veux | crois | voulais | comprends | vois,no,,
une * de,3,7722648,29,16,0.000002,sorte | partie | fois | série | forme | dizaine | espèce | vingtaine,no,,
l' * des,3,7289475,30,8,0.000001,un | une | ensemble | égard | histoire | évolution | analyse | étude,no,,
la * des,3,7217663,31,15,0.000002,plupart | fin | liste | majorité | part | gestion | vie | protection,no,,
que l' *,3,7105884,32,4,0.000001,on | homme | autre | un,no,,
il y a *,4,6676668,33,24,0.000004,des | un | une | eu | quelques | de | deux | aussi,no,,
les * de,3,6568985,34,19,0.000003,yeux | jours | conditions | membres | moyens | mains | règles | droits,no,,
et * l',3,6533923,35,5,0.000001,de | à | que | dans | je,no,,
que * ne,3,6448115,36,9,0.000001,je | tu | vous | nous | personne | ce | rien | cela,no,,
il est *,3,6348760,37,18,0.000003,vrai | possible | donc | à | en | le | important | difficile,no,,
de ce *,3,6161815,38,10,0.000002,que | qui | fait | genre | dernier | type | monde | livre,no,,
un peu *,3,6137175,39,8,0.000001,plus | de | d' | trop | comme | à | moins | partout,yes,,
l' * d',3,6111591,40,13,0.000002,objet | un | idée | impression | existence | air | aide | occasion,no,,
de sa *,3,6033008,41,14,0.000002,vie | mère | propre | femme | famille | fille | main | voix,no,,
y a *,3,5979734,42,10,0.000002,des | un | une | de | eu | quelques | deux | aussi,no,,
sur la *,3,5677274,43,13,0.000002,table | route | base | terre | tête | place | plage | question,no,,
de * vie,3,5675915,44,4,0.000001,la | sa | ma | leur,no,,
je me *,3,5606421,45,7,0.000001,suis | sens | souviens | demande | sentais | dis | rappelle,no,,
la * du,3,5388524,46,11,0.000002,fin | loi | porte | plupart | question | place | tête | lumière,no,,
à partir *,3,5348136,47,4,0.000001,de | du | des | d',no,,
l' un *,3,5315013,48,5,0.000001,des | de | d' | et | à,no,,
tous les *,3,5302300,49,9,0.000002,jours | deux | autres | cas | hommes | trois | sens | soirs,yes,,
de * en,3,5283137,50,5,0.000001,plus | temps | mettre | mise | moins,no,,
à ce *,3,5197304,51,8,0.000002,que | moment | sujet | qui | point | titre | propos | jour,no,,
de son *,3,5162921,52,12,0.000002,père | côté | corps | fils | mari | frère | visage | propre,no,,
de ne *,3,5072195,53,4,0.000001,pas | plus | rien | jamais,no,,
et à *,3,5040785,54,6,0.000001,la | l' | mesure | son | ses | sa,no,,
dans les *,3,5004111,55,9,0.000002,années | yeux | deux | pays | bras | rues | autres | conditions,no,,
au * de la,4,4949588,56,18,0.000004,sein | milieu | cours | bord | niveau | moment | cœur | fond,no,,
à l' * de,4,4850592,57,19,0.000004,intérieur | égard | origine | aide | idée | occasion | âge | exception,no,,
dans l' *,3,4779977,58,12,0.000003,espace | eau | histoire | autre | ordre | air | esprit | ombre,no,,
il ne *,3,4681159,59,10,0.000002,faut | se | peut | pouvait | lui | me | l' | voulait,no,,
que tu *,3,4668133,60,10,0.000002,as | ne | es | veux | me | te | fais | sois,no,,
la fin *,3,4650928,61,3,0.000001,de | du | des,no,,
tout le *,3,4644941,62,3,0.000001,monde | temps | reste,yes,,
je * que,3,4641129,63,8,0.000002,crois | sais | pense | savais | suppose | veux | croyais | pensais,no,,
il * avait,3,4555386,64,4,0.000001,y | l' | lui | en,no,,
ne sont *,3,4482398,65,3,0.000001,pas | plus | que,no,,
le * de la,4,4459465,66,23,0.000005,long | cadre | reste | domaine | sens | président | début | cas,no,,
tout à *,3,4438462,67,4,0.000001,fait | coup | l' | la,no,,
au * du,3,4416670,68,11,0.000002,début | sein | milieu | bout | cours | niveau | bord | fond,no,,
et il *,3,4284700,69,11,0.000003,est | ne | se | y | a | avait | était | faut,no,,
je * ai,3,4270575,70,4,0.000001,l' | lui | vous | les,no,,
la * d',3,4259745,71,12,0.000003,forme | création | recherche | présence | porte | possibilité | tête | suite,no,,
et que *,3,4215953,72,8,0.000002,je | les | le | la | l' | vous | nous | tu,no,,
que nous *,3,4212662,73,7,0.000002,avons | sommes | ne | nous | avions | étions | allons,no,,
mais il *,3,4197607,74,8,0.000002,ne | est | y | faut | était | a | avait | se,no,,
à la * de,4,3911293,75,15,0.000004,fin | suite | recherche | tête | porte | place | hauteur | fois,no,,
que ce *,3,3873351,76,7,0.000002,soit | qui | que | ne | dernier | sont | serait,no,,
dans un *,3,3763461,77,11,0.000003,coin | premier | contexte | autre | monde | état | cadre | pays,no,,
du * de,3,3760566,78,9,0.000002,point | fait | côté | Code | droit | temps | nom | nombre,no,,
mais * ne,3,3715398,79,6,0.000002,je | il | elle | cela | on | ils,no,,
que vous *,3,3663712,80,6,0.000002,avez | ne | êtes | vous | me | voulez,no,,
de * que,3,3636987,81,6,0.000002,ce | même | sorte | dire | constater | penser,no,,
le temps *,3,3619188,82,4,0.000001,de | d' | que | et,no,,
la * de la,4,3604844,83,16,0.000004,fin | question | porte | place | suite | théorie | moitié | protection,no,,
la * et,3,3589576,84,9,0.000003,tête | vie | main | porte | France | nature | ville | maison,no,,
ne peut *,3,3574797,85,4,0.000001,pas | être | plus | se,no,,
et je *,3,3530862,86,6,0.000002,ne | me | suis | vous | l' | lui,no,,
le * d',3,3507613,87,10,0.000003,temps | cadre | droit | fait | cas | nombre | sentiment | nom,no,,
et d' *,3,3491824,88,4,0.000001,une | un | autres | autre,no,,
parce que *,3,3399691,89,8,0.000002,je | le | les | la | tu | l' | nous | vous,no,,
au cours *,3,3391035,90,4,0.000001,de | des | du | d',no,,
je suis *,3,3337506,91,11,0.000003,un | en | désolé | désolée | sûr | le | là | à,yes,,
la tête *,3,3288117,92,7,0.000002,de | et | en | d' | du | pour | vers,no,,
au * des,3,3249150,93,6,0.000002,cours | milieu | fil | sein | niveau | début,no,,
de * qui,3,3230764,94,3,0.000001,ce | ceux | celui,no,,
ainsi que *,3,3219640,95,6,0.000002,les | le | la | des | l' | de,no,,
la * en,3,3145868,96,3,0.000001,mise | prise | tête,no,,
se * à,3,3144210,97,6,0.000002,mit | met | rendre | mettre | mirent | trouve,no,,
quelque chose *,3,3134330,98,4,0.000001,de | d' | qui | à,no,,
et * les,3,3127229,99,8,0.000003,que | dans | tous | sur | de | toutes | dont | pour,no,,
dans * cas,3,3039950,100,3,0.000001,le | ce | certains,no,,
la plupart *,3,3013245,101,3,0.000001,des | du | de,no,,
au milieu *,3,3001931,102,4,0.000001,de | des | du | d',no,,
l' on *,3,2974038,103,6,0.000002,peut | ne | a | se | veut | est,no,,
l' * de la,4,2960048,104,16,0.000005,histoire | intérieur | ensemble | entrée | origine | évolution | importance | image,no,,
au sein *,3,2954340,105,4,0.000001,de | du | des | d',no,,
à travers *,3,2946455,106,5,0.000002,les | la | le | l' | des,no,,
alors que *,3,2931645,107,6,0.000002,les | le | la | je | l' | nous,no,,
à * que,3,2904498,108,4,0.000001,ce | mesure | moins | croire,no,,
que les *,3,2872426,109,7,0.000002,autres | deux | hommes | gens | choses | femmes | enfants,no,,
à * autre,3,2869645,110,3,0.000001,l' | un | une,no,,
à * les,3,2859615,111,3,0.000001,tous | travers | toutes,no,,
de la * de,4,2839189,112,14,0.000005,part | ville | salle | vie | mort | Cour | maison | notion,no,,
le plus *,3,2791777,113,4,0.000001,souvent | grand | important | de,no,,
en ce *,3,2704453,114,3,0.000001,qui | moment | sens,no,,
et * ne,3,2701039,115,5,0.000002,je | il | qui | elle | de,no,,
on ne *,3,2677427,116,4,0.000001,peut | sait | pouvait | se,no,,
de * de,3,2674270,117,8,0.000003,plus | vue | celle | moins | faire | celui | parler | sortir,no,,
il faut *,3,2604884,118,5,0.000002,que | bien | donc | dire | se,yes,,
de * à,3,2595236,119,7,0.000003,temps | manière | façon | mal | nature | répondre | penser,no,,
des * de,3,2588642,120,7,0.000003,droits | milliers | centaines | conditions | membres | coups | dizaines,no,,
par la *,3,2539720,121,5,0.000002,suite | loi | fenêtre | main | force,no,,
l' une *,3,2537135,122,3,0.000001,des | de | d',no,,
le cas *,3,2510015,123,6,0.000002,de | des | échéant | d' | du | où,no,,
autour de *,3,2503478,124,5,0.000002,la | lui | moi | l' | son,no,,
de l ' *,4,2499489,125,13,0.000005,homme | autre | État | eau | entreprise | histoire | article | enfant,no,,
l' idée *,3,2491790,126,3,0.000001,de | d' | que,no,,
la main *,3,2491736,127,6,0.000002,de | sur | et | à | pour | dans,no,,
l' ensemble *,3,2462815,128,3,0.000001,des | de | du,no,,
dans ce *,3,2460320,129,5,0.000002,cas | contexte | domaine | sens | pays,no,,
par rapport *,3,2442324,130,3,0.000001,à | aux | au,no,,
dans le * de,4,2422880,131,7,0.000003,cadre | domaine | cas | but | sens | contexte | champ,no,,
la porte *,3,2406528,132,4,0.000002,de | du | d' | et,no,,
à cause *,3,2384346,133,4,0.000002,de | du | des | d',no,,
qui est *,3,2376176,134,7,0.000003,le | en | la | à | de | un | une,no,,
le fait *,3,2362670,135,3,0.000001,que | de | d',no,,
un de *,3,2337191,136,4,0.000002,ses | ces | mes | l',no,,
la vie *,3,2323630,137,5,0.000002,de | et | des | quotidienne | est,no,,
mise en *,3,2318978,138,3,0.000001,œuvre | place | scène,yes,,
au * d',3,2318704,139,6,0.000003,bout | milieu | sein | lieu | cours | fond,no,,
les yeux *,3,2316769,140,5,0.000002,et | de | vers | sur | au,no,,
à côté *,3,2298581,141,3,0.000001,de | d' | du,no,,
ne pas *,3,2251797,142,5,0.000002,être | avoir | se | le | faire,no,,
ne * être,3,2250927,143,4,0.000002,peut | pas | peuvent | pouvait,yes,,
l' * du,3,2247877,144,7,0.000003,ensemble | intérieur | histoire | entrée | ordre | heure | image,no,,
et * le,3,2236740,145,6,0.000003,que | dans | tout | sur | de | dont,no,,
au bout *,3,2202183,146,3,0.000001,de | d' | du,no,,
le droit *,3,2200412,147,3,0.000001,de | d' | à,no,,
le nom *,3,2171661,148,3,0.000001,de | du | d',no,,
le * du,3,2145848,149,7,0.000003,long | reste | cadre | nom | cas | début | rôle,no,,
un * d',3,2133341,150,4,0.000002,coup | peu | clin | quart,no,,
le cadre *,3,2111761,151,4,0.000002,de | d' | du | des,no,,
mais je *,3,2101902,152,3,0.000001,ne | suis | me,no,,
qui se *,3,2094647,153,5,0.000002,passe | sont | trouve | passait | trouvait,no,,
de toutes *,3,2087911,154,3,0.000001,les | ses | sortes,no,,
de * faire,3,2053925,155,4,0.000002,le | se | lui | me,no,,
a * de,3,2045172,156,4,0.000002,pas | besoin | plus | permis,no,,
que * me,3,2019315,157,3,0.000001,je | tu | vous,no,,
je vous *,3,2007816,158,5,0.000002,ai | en | le | prie | l',no,,
que * le,3,1999871,159,5,0.000003,tout | je | dans | soit | par,no,,
l' homme *,3,1998556,160,5,0.000003,qui | et | de | est | à,no,,
même si *,3,1992703,161,6,0.000003,elle | je | les | la | le | l',no,,
la * de l',4,1977669,162,11,0.000006,fin | question | porte | place | qualité | vie | nature | théorie,no,,
le * des,3,1972252,163,7,0.000004,cas | long | développement | nombre | monde | cadre | rôle,no,,
une fois *,3,1968456,164,6,0.000003,de | que | encore | par | la | le,no,,
de faire *,3,1967086,165,6,0.000003,un | des | le | une | la | de,no,,
et dans *,3,1965437,166,4,0.000002,les | le | la | l',no,,
lors de *,3,1960803,167,3,0.000002,la | l' | son,no,,
dans le cadre *,4,1955768,168,4,0.000002,de | d' | du | des,no,,
il * que,3,1936509,169,3,0.000002,faut | semble | fallait,no,,
l' histoire *,3,1927138,170,3,0.000002,de | du | des,no,,
l' impression *,3,1918162,171,3,0.000002,que | d' | de,no,,
si vous *,3,1908936,172,5,0.000003,voulez | avez | êtes | ne | le,no,,
à la fin *,4,1901761,173,3,0.000002,de | du | des,no,,
ce * de,3,1887583,174,3,0.000002,genre | type | point,no,,
que l' on *,4,1878326,175,8,0.000004,peut | a | ne | appelle | puisse | se | pourrait | trouve,no,,
la question *,3,1872474,176,3,0.000002,de | du | des,no,,
en * d',3,1864537,177,5,0.000003,cas | matière | train | vue | place,no,,
à * moment,3,1859446,178,3,0.000002,ce | un | tout,no,,
où il *,3,1852119,179,6,0.000003,est | se | avait | était | y | a,no,,
que * les,3,1839494,180,4,0.000002,tous | dans | toutes | pour,no,,
partie de *,3,1838875,181,3,0.000002,la | l' | son,no,,
d' entre *,3,1822316,182,3,0.000002,eux | elles | nous,no,,
tandis que *,3,1802966,183,4,0.000002,les | le | la | l',no,,
y * un,3,1796290,184,3,0.000002,a | avait | eut,no,,
de toute *,3,1795495,185,3,0.000002,façon | la | évidence,no,,
il a *,3,1795114,186,4,0.000002,été | fait | fallu | dit,no,,
pas * la,3,1783608,187,3,0.000002,à | de | dans,no,,
l' autre *,3,1780851,188,4,0.000002,côté | bout | et | de,no,,
de * mère,3,1778738,189,3,0.000002,sa | ma | la,no,,
en fonction *,3,1773502,190,3,0.000002,de | des | du,no,,
dans * bras,3,1766936,191,3,0.000002,ses | les | mes,no,,
au * de l',4,1766498,192,9,0.000005,sein | cours | niveau | moment | bord | début | cœur | long,no,,
dans * chambre,3,1766164,193,3,0.000002,la | sa | ma,no,,
près de *,3,1759986,194,4,0.000002,la | lui | l' | moi,no,,
ceux qui *,3,1758730,195,4,0.000002,ont | sont | ne | se,no,,
de * façon,3,1751466,196,3,0.000002,toute | cette | la,no,,
le long *,3,1740927,197,3,0.000002,de | du | des,no,,
bien que *,3,1735762,198,6,0.000003,je | les | le | la | l' | mal,no,,
pour que *,3,1731630,199,5,0.000003,je | les | le | la | l',no,,
que * la,3,1727334,200,5,0.000003,de | dans | par | soit | je,no,,
que dans *,3,1726891,201,4,0.000002,les | le | la | l',no,,
qui ne *,3,1717903,202,4,0.000002,sont | se | peut | l',no,,
la même *,3,1712986,203,4,0.000002,chose | manière | façon | année,yes,,
ne l' *,3,1698350,204,4,0.000002,avait | ai | a | est,no,,
de ses *,3,1695070,205,6,0.000004,yeux | parents | propres | amis | mains | lèvres,no,,
dans * vie,3,1680523,206,3,0.000002,la | sa | ma,no,,
fin de *,3,1679688,207,3,0.000002,la | l' | compte,no,,
côté de *,3,1668807,208,3,0.000002,la | l' | lui,no,,
qui * été,3,1664908,209,3,0.000002,a | ont | avait,no,,
au début *,3,1661291,210,3,0.000002,du | de | des,no,,
face à *,3,1657355,211,4,0.000002,la | l' | un | une,no,,
elle ne *,3,1637053,212,5,0.000003,pouvait | se | peut | voulait | l',no,,
et * autres,3,1618500,213,3,0.000002,d' | les | des,no,,
est * de,3,1616147,214,6,0.000004,possible | difficile | celui | important | celle | impossible,no,,
pas le *,3,1615235,215,4,0.000002,temps | cas | droit | choix,no,,
il ne * pas,4,1601167,216,6,0.000004,faut | pouvait | voulait | peut | fallait | savait,no,,
de temps *,3,1593974,217,3,0.000002,en | à | pour,no,,
l' * et,3,1591379,218,5,0.000003,homme | un | eau | autre | État,no,,
à * du,3,1588716,219,4,0.000003,partir | côté | cause | propos,no,,
une partie *,3,1587856,220,3,0.000002,de | du | des,no,,
je * le,3,1584900,221,4,0.000003,ne | vous | suis | te,no,,
le nombre *,3,1581445,222,3,0.000002,de | d' | des,no,,
dans * pays,3,1575967,223,4,0.000003,les | le | un | ce,no,,
comme si *,3,1553521,224,4,0.000003,elle | je | le | la,no,,
à * des,3,1552708,225,5,0.000003,partir | cause | propos | faire | travers,no,,
à propos *,3,1546846,226,3,0.000002,de | des | du,no,,
de tout *,3,1542451,227,4,0.000003,ce | le | cela | son,no,,
dans sa *,3,1538107,228,4,0.000003,chambre | vie | tête | poche,no,,
pas à *,3,1537750,229,3,0.000002,la | l' | se,no,,
ce que je *,4,1520884,230,9,0.000006,veux | peux | fais | suis | sais | vais | voulais | vous,no,,
si * ne,3,1517607,231,4,0.000003,je | vous | elle | tu,no,,
il se *,3,1517108,232,5,0.000003,mit | trouve | leva | sentait | tourna,no,,
et * se,3,1507629,233,4,0.000003,il | de | elle | qui,no,,
quant à *,3,1505153,234,4,0.000003,la | lui | l' | elle,no,,
au niveau *,3,1499582,235,3,0.000002,de | des | du,no,,
il en *,3,1492629,236,5,0.000003,est | va | avait | se | a,no,,
le monde *,3,1466473,237,5,0.000003,de | entier | est | des | et,no,,
au fond *,3,1461698,238,3,0.000002,de | du | d',no,,
de se *,3,1460180,239,4,0.000003,faire | rendre | mettre | retrouver,no,,
l' un * l' autre,5,1455545,240,10,0.000007,et | de | à | ou | ni | après | contre | pour,yes,,
se * vers,3,1454218,241,3,0.000002,tourna | dirigea | tournant,yes,,
en * de la,4,1452878,242,7,0.000005,fonction | raison | direction | dehors | faveur | face | vue,no,,
la fin de *,4,1452194,243,3,0.000002,la | l' | sa,no,,
à * qui,3,1446411,244,3,0.000002,ceux | ce | celui,no,,
le * de l',4,1445681,245,10,0.000007,cadre | reste | sens | domaine | cas | développement | rôle | chef,no,,
il y * un,4,1443877,246,3,0.000002,a | avait | eut,no,,
y avait *,3,1440032,247,4,0.000003,un | une | des | de,no,,
si elle *,3,1425145,248,4,0.000003,avait | ne | est | était,no,,
la mise en *,4,1399242,249,3,0.000002,place | œuvre | scène,yes,,
ne pouvait *,3,1376370,250,3,0.000002,pas | plus | être,no,,
la part *,3,1375569,251,3,0.000002,de | des | du,no,,
qui l' *,3,1366492,252,3,0.000002,avait | a | ont,no,,
ce * le,3,1363077,253,3,0.000002,que | qui | fut,no,,
avec un *,3,1349809,254,4,0.000003,sourire | peu | petit | grand,no,,
l' * d' un,4,1346960,255,7,0.000005,objet | existence | aide | air | espace | idée | ombre,no,,
à * de la,4,1342629,256,4,0.000003,partir | cause | côté | propos,no,,
de * et,3,1336226,257,5,0.000004,part | lui | vie | travail | Dieu,no,,
qui * de,3,1334872,258,4,0.000003,permet | venait | vient | est,no,,
qui * sont,3,1320583,259,3,0.000002,ne | se | lui,no,,
à l' * de la,5,1317285,260,19,0.000014,intérieur | égard | origine | occasion | entrée | arrière | aide | extérieur,no,,
par le *,3,1316547,261,4,0.000003,biais | fait | bras | gouvernement,no,,
grâce à *,3,1313853,262,4,0.000003,la | l' | une | un,no,,
la suite *,3,1305682,263,3,0.000002,de | d' | des,no,,
en dehors *,3,1303494,264,3,0.000002,de | des | du,no,,
nous ne *,3,1288577,265,3,0.000002,sommes | pouvons | nous,no,,
ne * plus,3,1277658,266,4,0.000003,peut | sont | pouvait | sais,no,,
pour le *,3,1275623,267,4,0.000003,moment | moins | reste | faire,no,,
je * vous,3,1266534,268,3,0.000002,ne | vais | peux,no,,
plus que *,3,1264961,269,5,0.000004,les | la | le | jamais | de,no,,
en l' *,3,1253687,270,3,0.000002,air | absence | occurrence,no,,
pas de *,3,1252801,271,3,0.000002,la | l' | problème,no,,
d' avoir *,3,1244427,272,4,0.000003,un | une | été | des,no,,
et les *,3,1244022,273,3,0.000002,autres | plus | deux,no,,
à tout *,3,1237405,274,4,0.000003,le | prix | moment | ce,no,,
pas * de,3,1224589,275,3,0.000002,besoin | envie | question,no,,
à l' intérieur *,4,1222567,276,4,0.000003,de | du | d' | des,no,,
il y avait *,4,1219278,277,5,0.000004,un | une | des | de | aussi,no,,
et qui *,3,1218206,278,4,0.000003,ne | est | se | a,no,,
qui lui *,3,1213735,279,4,0.000003,est | avait | a | sont,no,,
à cette *,3,1209620,280,3,0.000002,époque | heure | question,no,,
dans * contexte,3,1191611,281,3,0.000003,un | le | ce,no,,
l' un * l',4,1190961,282,6,0.000005,et | de | à | ou | ni | après,no,,
un * l' autre,4,1187960,283,6,0.000005,et | de | à | ou | ni | après,no,,
à * d',3,1184123,284,3,0.000003,partir | côté | cause,no,,
que * l',3,1179893,285,3,0.000003,je | de | dans,no,,
pour * faire,3,1172152,286,5,0.000004,se | lui | ce | en | le,no,,
il est * de,4,1170620,287,6,0.000005,possible | important | difficile | nécessaire | impossible | temps,no,,
l' * d' une,4,1163760,288,5,0.000004,objet | existence | idée | aide | effet,no,,
de la part *,4,1161226,289,4,0.000003,de | des | du | d',no,,
en * avec,3,1160413,290,4,0.000003,contact | rapport | relation | lien,no,,
à l ' *,4,1152948,291,7,0.000006,intérieur | autre | heure | époque | égard | aide | origine,no,,
il * se,3,1152024,292,3,0.000003,ne | faut | en,no,,
avant de *,3,1150747,293,3,0.000003,se | partir | la,no,,
de * un,3,1147928,294,3,0.000003,l' | faire | trouver,no,,
dans * autre,3,1143518,295,3,0.000003,un | l' | une,no,,
de lui *,3,1142326,296,4,0.000004,faire | et | donner | dire,yes,,
comme * l',3,1139329,297,4,0.000004,nous | je | il | on,no,,
à cet *,3,1126898,298,3,0.000003,égard | instant | effet,no,,
sur l' *,3,1124877,299,4,0.000004,autre | épaule | île | ensemble,no,,
fait que *,3,1107640,300,4,0.000004,les | le | la | l',no,,
sur le * de,4,1102317,301,5,0.000005,point | plan | chemin | visage | bord,no,,
dans * sens,3,1099754,302,3,0.000003,le | ce | un,no,,
de * côté,3,1097596,303,3,0.000003,son | chaque | ce,no,,
à l' égard *,4,1094553,304,3,0.000003,de | des | du,no,,
la nature *,3,1089012,305,3,0.000003,de | et | des,no,,
le * où,3,1076186,306,3,0.000003,jour | moment | cas,yes,,
au cours de *,4,1071764,307,4,0.000004,la | l' | laquelle | cette,no,,
l' * à,3,1063569,308,4,0.000004,accès | un | aider | homme,no,,
le rôle *,3,1063292,309,3,0.000003,de | du | des,no,,
dans le cas *,4,1060904,310,5,0.000005,de | d' | où | des | contraire,no,,
dire que *,3,1059437,311,4,0.000004,je | le | la | les,no,,
il avait *,3,1055842,312,3,0.000003,été | l' | fait,no,,
que d' *,3,1055409,313,3,0.000003,autres | une | un,no,,
ou à *,3,1053874,314,3,0.000003,la | l' | un,no,,
dans une *,3,1046497,315,4,0.000004,autre | situation | petite | société,no,,
et elle *,3,1041369,316,4,0.000004,se | ne | a | avait,no,,
qui * a,3,1036331,317,3,0.000003,l' | lui | nous,no,,
à la * de la,5,1032480,318,15,0.000015,fin | suite | porte | tête | veille | recherche | hauteur | fois,no,,
en * des,3,1032249,319,3,0.000003,fonction | dehors | place,no,,
tout ce que *,4,1022965,320,4,0.000004,je | vous | tu | nous,no,,
dans son *,3,1018500,321,4,0.000004,esprit | lit | bureau | ensemble,no,,
mais elle *,3,1013579,322,3,0.000003,ne | est | avait,no,,
le * à,3,1011767,323,4,0.000004,recours | seul | droit | premier,no,,
comme * le,3,1010682,324,4,0.000004,on | dans | si | il,no,,
et * plus,3,1007226,325,3,0.000003,le | les | la,no,,
à ses *,3,1004441,326,3,0.000003,côtés | yeux | pieds,no,,
et sur *,3,993082,327,3,0.000003,les | la | le,no,,
les deux *,3,992810,328,3,0.000003,hommes | autres | cas,yes,,
il * de,3,992760,329,3,0.000003,convient | suffit | est,no,,
je vais *,3,991760,330,3,0.000003,vous | te | me,no,,
l' a *,3,979487,331,4,0.000004,fait | vu | dit | pas,no,,
dans la * de,4,973762,332,5,0.000005,salle | chambre | région | vie | maison,no,,
l' * de l',4,973672,333,5,0.000005,histoire | un | intérieur | ensemble | égard,no,,
autour d' *,3,951874,334,3,0.000003,elle | un | une,no,,
la * d' un,4,949469,335,5,0.000005,forme | création | recherche | tête | présence,no,,
la question de *,4,949436,336,3,0.000003,la | l' | savoir,no,,
besoin d' *,3,947153,337,3,0.000003,un | être | une,no,,
et * a,3,946773,338,3,0.000003,il | qui | elle,no,,
partir de *,3,945246,339,3,0.000003,la | l' | ce,no,,
je ne sais pas *,5,942475,340,8,0.000008,si | ce | comment | pourquoi | quoi | trop | où | encore,yes,,
ce que tu *,4,936051,341,3,0.000003,as | veux | fais,no,,
de ne pas *,4,932106,342,4,0.000004,avoir | être | se | le,no,,
dans * tête,3,926994,343,3,0.000003,sa | la | ma,no,,
dont il *,3,924321,344,3,0.000003,est | avait | a,no,,
dans le * de la,5,919256,345,7,0.000008,cadre | domaine | cas | sens | contexte | champ | monde,no,,
sur son *,3,916958,346,3,0.000003,visage | épaule | lit,no,,
pas d' *,3,911424,347,3,0.000003,un | autre | une,no,,
que * qui,3,872713,348,3,0.000003,ce | ceux | celui,no,,
ce qui concerne *,4,872450,349,4,0.000005,les | la | le | l',no,,
à côté de *,4,872157,350,4,0.000005,la | lui | moi | l',no,,
que la *,3,868970,351,3,0.000003,vie | plupart | France,no,,
on peut *,3,863638,352,3,0.000003,dire | se | aussi,no,,
l' un de *,4,863070,353,3,0.000003,ses | l' | ces,no,,
du * e siècle,4,858937,354,4,0.000005,XIX | XX | XVIII | XVII,yes,,
dans * conditions,3,854938,355,3,0.000004,ces | des | les,no,,
il est * que,4,854329,356,4,0.000005,vrai | évident | clair | possible,no,,
plus de *,3,853640,357,3,0.000004,la | deux | temps,no,,
ne l' * pas,4,846596,358,4,0.000005,avait | ai | a | est,no,,
que le *,3,841203,359,3,0.000004,temps | monde | roi,no,,
pas la *,3,835040,360,3,0.000004,peine | moindre | même,no,,
à partir de *,4,828831,361,3,0.000004,la | l' | ce,no,,
en * du,3,826131,362,3,0.000004,fonction | direction | dehors,no,,
la * pour,3,824344,363,3,0.000004,raison | tête | main,no,,
un * l',3,820657,364,3,0.000004,et | de | à,no,,
que je ne *,4,816353,365,5,0.000006,suis | l' | peux | me | le,no,,
peu plus *,3,812707,366,3,0.000004,loin | de | tard,no,,
dans ma *,3,803965,367,3,0.000004,chambre | tête | vie,no,,
la * à,3,798041,368,3,0.000004,salle | main | mise,no,,
un peu plus *,4,794407,369,3,0.000004,loin | de | tard,no,,
il * un,3,781842,370,3,0.000004,d' | avec | est,no,,
au * d' une,4,777824,371,4,0.000005,cours | sein | bout | milieu,no,,
en place *,3,769111,372,3,0.000004,de | des | d',no,,
à l' * des,4,767573,373,4,0.000005,égard | abri | intérieur | ensemble,no,,
d' un * de,4,762862,374,3,0.000004,point | coup | signe,no,,
de l' * de,4,757766,375,4,0.000005,ordre | histoire | état | Université,no,,
elle se *,3,749749,376,3,0.000004,sentait | mit | leva,no,,
l' * pas,3,739807,377,3,0.000004,avait | ai | a,no,,
sur ses *,3,730795,378,3,0.000004,lèvres | genoux | épaules,no,,
en ce qui concerne *,5,728471,379,4,0.000005,les | la | le | l',no,,
comme dans *,3,726877,380,3,0.000004,le | les | un,no,,
tu ne * pas,4,718465,381,4,0.000006,peux | veux | vas | sais,no,,
comme il *,3,717625,382,3,0.000004,l' | le | est,no,,
la première fois *,4,715249,383,3,0.000004,que | depuis | de,no,,
je * à,3,705245,384,3,0.000004,suis | commence | pense,no,,
au * d' un,4,700988,385,3,0.000004,bout | sein | milieu,no,,
l ' * des,4,695669,386,3,0.000004,un | une | ensemble,no,,
sur les *,3,692911,387,3,0.000004,autres | deux | lieux,no,,
main sur *,3,689848,388,3,0.000004,la | son | le,no,,
de ce que *,4,687870,389,4,0.000006,je | nous | l' | vous,no,,
à l' * d',4,683774,390,3,0.000004,aide | intérieur | occasion,no,,
à * de l',4,680423,391,4,0.000006,partir | cause | propos | côté,no,,
dans la mesure où *,5,675900,392,8,0.000012,il | elle | les | la | le | l' | ils | elles,no,,
et dont *,3,671756,393,3,0.000004,la | les | le,no,,
de la * du,4,666553,394,3,0.000005,loi | fin | part,no,,
l ' * de,4,665360,395,5,0.000008,histoire | idée | absence | un | occasion,no,,
je * l' ai,4,665093,396,3,0.000005,ne | vous | te,no,,
de plus en plus *,5,649421,397,8,0.000012,de | souvent | à | d' | nombreux | fort | vite | difficile,no,,
quelques * plus tard,4,648468,398,4,0.000006,minutes | jours | années | instants,yes,,
la * d' une,4,647266,399,4,0.000006,forme | recherche | création | suite,no,,
ne sais pas *,4,633914,400,3,0.000005,si | ce | comment,no,,
à ce que *,4,630452,401,4,0.000006,je | les | l' | le,no,,
le fait que *,4,616364,402,4,0.000006,les | la | le | l',no,,
à la fois *,4,615628,403,4,0.000006,de | la | le | un,no,,
que je ne * pas,5,612672,404,9,0.000015,suis | peux | sais | veux | connais | pouvais | voulais | connaissais,no,,
ce que vous *,4,609197,405,3,0.000005,avez | voulez | faites,no,,
à l' * du,4,594810,406,3,0.000005,intérieur | égard | entrée,no,,
à la fin de *,5,585661,407,4,0.000007,la | l' | sa | son,no,,
je ne suis pas *,5,582884,408,10,0.000017,un | sûr | sûre | une | en | d' | le | encore,yes,,
ce ne * pas,4,578228,409,3,0.000005,sont | serait | sera,no,,
dans le cadre de *,5,574456,410,3,0.000005,la | l' | cette,no,,
du * de la,4,569490,411,3,0.000005,côté | fait | Code,no,,
il est possible *,4,566889,412,3,0.000005,de | d' | que,no,,
je ne * pas que,5,559784,413,6,0.000011,crois | veux | pense | savais | pensais | voulais,no,,
de la vie *,4,557464,414,3,0.000005,de | et | quotidienne,no,,
sur la * de,4,553735,415,3,0.000005,base | table | route,no,,
dans le * des,4,543804,416,3,0.000006,cadre | cas | domaine,no,,
la mise en place *,5,539142,417,4,0.000007,de | d' | des | du,no,,
du lundi au * de,5,536931,418,3,0.000006,vendredi | samedi | jeudi,yes,,
pour la première fois *,5,523433,419,5,0.00001,depuis | de | en | dans | à,no,,
un coup d' œil *,5,519245,420,6,0.000012,à | sur | par | dans | au | vers,no,,
je ne * plus,4,518635,421,3,0.000006,sais | suis | veux,no,,
l' une * l' autre,5,506783,422,6,0.000012,ou | et | de | à | après | contre,no,,
de l' * et,4,497773,423,3,0.000006,homme | État | eau,no,,
la mise en œuvre *,5,489914,424,4,0.000008,de | des | du | d',no,,
sur le * de la,5,481591,425,8,0.000017,bord | plan | seuil | pas | chemin | ton | devant | rebord,no,,
la mise en * de,5,475830,426,3,0.000006,œuvre | place | scène,yes,,
ne * pas que,4,473272,427,3,0.000006,crois | veux | pense,no,,
au moment où *,4,469449,428,3,0.000006,il | elle | le,no,,
de la * et,4,460418,429,3,0.000007,vie | ville | nature,no,,
en * de l',4,450068,430,3,0.000007,raison | fonction | faveur,no,,
tout le monde *,4,449720,431,3,0.000007,se | est | a,no,,
les uns * les autres,5,440197,432,6,0.000014,et | après | contre | que | sur | avec,no,,
dans l' * de,4,426980,433,3,0.000007,histoire | esprit | espoir,no,,
si l' on *,4,422169,434,3,0.000007,veut | peut | ne,no,,
ce qui est *,4,402827,435,3,0.000007,de | en | arrivé,no,,
dans le * d' une,5,400844,436,3,0.000007,cadre | cas | sens,no,,
tout au long de *,5,384143,437,4,0.00001,la | l' | sa | son,no,,
du point de vue *,5,380423,438,3,0.000008,de | des | du,no,,
dans le * de l',5,374671,439,3,0.000008,cadre | domaine | cas,no,,
à la * de l',5,370157,440,4,0.000011,fin | suite | tête | place,no,,
mais je ne * pas,5,358397,441,4,0.000011,suis | peux | sais | veux,no,,
du mardi au * de,5,336851,442,3,0.000009,samedi | vendredi | dimanche,yes,,
à l' * de l',5,335129,443,4,0.000012,égard | intérieur | origine | occasion,no,,
à l' * d' une,5,330629,444,4,0.000012,aide | intérieur | occasion | origine,no,,
à l' * d' un,5,326688,445,3,0.000009,aide | intérieur | occasion,no,,
à la * d' un,5,323157,446,4,0.000012,recherche | suite | manière | tête,no,,
fur et à mesure *,5,321117,447,3,0.000009,que | de | des,no,,
il y a * de,5,310651,448,4,0.000013,plus | beaucoup | peu | lieu,no,,
je ne * ai pas,5,300261,449,3,0.00001,l' | vous | lui,no,,
ce que l' on *,5,281170,450,4,0.000014,appelle | peut | a | pourrait,no,,
à la * d' une,5,274964,451,3,0.000011,suite | recherche | tête,no,,
à l ' * de,5,273898,452,5,0.000018,égard | intérieur | aide | origine | occasion,no,,
le * de la République,5,263193,453,3,0.000011,président | procureur | Président,no,,
je ne veux pas *,5,261664,454,4,0.000015,que | de | être | te,no,,
pour ce qui est *,5,247918,455,3,0.000012,de | des | du,no,,
il y a quelques *,5,245448,456,3,0.000012,années | jours | mois,yes,,
je ne peux pas *,5,245331,457,5,0.00002,vous | me | te | le | faire,no,,
la porte de la *,5,241233,458,4,0.000017,chambre | salle | maison | cuisine,yes,,
je ne me * pas,5,236685,459,3,0.000013,suis | sens | souviens,no,,
en même temps que *,5,229939,460,4,0.000017,le | la | les | l',no,,
la fin de la *,5,215721,461,3,0.000014,guerre | journée | semaine,yes,,
et je ne * pas,5,215430,462,4,0.000019,suis | veux | sais | peux,no,,
rien à voir avec *,5,212992,463,4,0.000019,la | le | les | l',no,,
je ne * pas pourquoi,5,209283,464,3,0.000014,sais | vois | comprends,yes,,
comme nous l' avons *,5,209252,465,3,0.000014,vu | déjà | dit,yes,,
de l' * de la,5,208314,466,4,0.000019,histoire | ensemble | ordre | évolution,no,,
de la mise en *,5,207056,467,3,0.000014,œuvre | place | scène,yes,,
au * de l' année,5,192014,468,3,0.000016,cours | long | début,yes,,
de la * de la,5,184024,469,4,0.000022,part | théorie | fin | rue,no,,
il ne faut pas *,5,174131,470,3,0.000017,oublier | que | se,no,,
il y a eu *,5,167723,471,3,0.000018,un | des | une,no,,
sur le plan de *,5,160765,472,3,0.000019,la | l' | travail,no,,
de la * et de,5,157198,473,3,0.000019,vie | nature | France,no,,
à la fin du *,5,156209,474,3,0.000019,mois | XIX | XIXe,yes,,
il y a * ans,5,148747,475,3,0.00002,deux | dix | trois,yes,,
il y a de *,5,146502,476,3,0.00002,la | l' | quoi,no,,
que l ' on *,5,144516,477,3,0.000021,peut | a | ne,no,,
il y a des *,5,144443,478,3,0.000021,gens | choses | années,no,,
au bord de la *,5,143763,479,3,0.000021,mer | route | rivière,yes,,
coup d' œil à *,5,140596,480,3,0.000021,la | l' | sa,no,,
il faut que je *,5,140150,481,3,0.000021,te | me | vous,no,,
je ne vois pas *,5,138445,482,3,0.000022,pourquoi | ce | comment,no,,
il est vrai que *,5,137570,483,3,0.000022,la | les | le,no,,
ce que je * faire,5,135599,484,3,0.000022,peux | dois | vais,yes,,
il y en a *,5,135119,485,3,0.000022,qui | un | pour,no,,
sur la * de la,5,132404,486,3,0.000023,base | question | table,no,,
au sein de la *,5,125516,487,3,0.000024,société | communauté | famille,no,,
sur la table de *,5,119241,488,3,0.000025,la | nuit | chevet,no,,
quoi que ce soit *,5,113570,489,3,0.000026,de | à | d',no,,
